date,comment_count
20040212,4
20040213,3
20040214,9
20040215,11
20040216,6
20040217,14
20040218,9
20040219,14
20040220,11
20040221,12
20040222,7
20040223,8
20040224,15
20040225,17
20040226,10
20040227,13
20040228,12
20040229,16
20040301,5
20040302,7
20040303,7
20040304,8
20040305,5
20040306,9
20040307,8
20040308,7
20040309,13
20040310,15
20040311,6
20040312,15
20040313,11
20040314,21
20040315,13
20040316,8
20040317,11
20040318,12
20040319,9
20040320,4
20040321,8
20040322,6
20040323,7
20040324,4
20040325,8
20040326,7
20040327,14
20040328,7
20040329,5
20040330,7
20040331,8
20040401,6
20040402,14
20040403,11
20040404,11
20040405,8
20040406,19
20040407,12
20040408,11
20040409,10
20040410,11
20040411,7
20040412,14
20040413,11
20040414,9
20040415,14
20040416,10
20040417,16
20040418,13
20040419,16
20040420,11
20040421,13
20040422,10
20040423,25
20040424,20
20040425,12
20040426,20
20040427,23
20040428,15
20040429,15
20040430,7
20040501,17
20040502,22
20040503,9
20040504,9
20040505,14
20040506,21
20040507,28
20040508,11
20040509,12
20040510,21
20040511,27
20040512,15
20040513,8
20040514,16
20040515,7
20040516,10
20040517,9
20040518,18
20040519,12
20040520,7
20040521,11
20040522,12
20040523,9
20040524,15
20040525,9
20040526,7
20040527,9
20040528,25
20040529,7
20040530,7
20040531,3
20040601,15
20040602,7
20040603,8
20040604,5
20040605,4
20040606,10
20040607,7
20040608,24
20040609,12
20040610,10
20040611,20
20040612,20
20040613,10
20040614,14
20040615,17
20040616,14
20040617,17
20040618,16
20040619,21
20040620,21
20040621,9
20040622,18
20040623,11
20040624,12
20040625,10
20040626,8
20040627,7
20040628,8
20040629,45
20040630,59
20040701,52
20040702,46
20040703,18
20040704,27
20040705,38
20040706,31
20040707,58
20040708,26
20040709,15
20040710,12
20040711,17
20040712,19
20040713,27
20040714,30
20040715,32
20040716,26
20040717,24
20040718,17
20040719,6
20040720,22
20040721,28
20040722,43
20040723,28
20040724,36
20040725,15
20040726,24
20040727,44
20040728,53
20040729,34
20040730,36
20040731,24
20040801,25
20040802,23
20040803,40
20040804,8
20040805,17
20040806,14
20040807,22
20040808,15
20040809,12
20040810,22
20040811,16
20040812,22
20040813,9
20040814,14
20040815,21
20040816,14
20040817,11
20040818,9
20040819,8
20040820,3
20040821,14
20040822,9
20040823,4
20040824,15
20040825,15
20040826,6
20040827,17
20040828,7
20040829,14
20040830,12
20040831,16
20040901,7
20040902,17
20040903,10
20040904,11
20040905,21
20040906,11
20040907,17
20040908,13
20040909,6
20040910,1
20040911,8
20040912,8
20040913,1
20040914,5
20040915,9
20040916,6
20040917,10
20040918,15
20040919,11
20040920,9
20040921,12
20040922,16
20040923,19
20040924,6
20040925,10
20040926,5
20040927,3
20040928,8
20040929,9
20040930,8
20041001,10
20041002,9
20041003,9
20041004,8
20041005,7
20041006,13
20041007,3
20041008,14
20041009,18
20041010,14
20041011,5
20041012,16
20041013,14
20041014,11
20041015,12
20041016,8
20041017,16
20041018,6
20041019,14
20041020,20
20041021,14
20041022,4
20041023,19
20041024,15
20041025,12
20041026,55
20041027,36
20041028,15
20041029,12
20041030,10
20041031,8
20041101,18
20041102,19
20041103,12
20041104,10
20041105,20
20041106,12
20041107,13
20041108,7
20041109,17
20041110,8
20041111,11
20041112,11
20041113,6
20041114,6
20041115,9
20041116,16
20041117,10
20041118,3
20041119,10
20041120,9
20041121,8
20041122,12
20041123,8
20041124,8
20041125,3
20041126,3
20041127,7
20041128,7
20041129,8
20041130,2
20041201,5
20041202,3
20041203,7
20041204,4
20041205,10
20041206,1
20041207,12
20041208,6
20041209,6
20041210,10
20041211,5
20041212,11
20041213,1
20041214,7
20041215,10
20041216,12
20041217,4
20041218,3
20041219,6
20041220,5
20041221,17
20041222,5
20041223,7
20041224,12
20041225,3
20041226,3
20041227,2
20041228,3
20041229,7
20041230,1
20041231,7
20050101,2
20050102,2
20050103,2
20050104,25
20050105,28
20050106,8
20050107,8
20050108,8
20050109,12
20050110,11
20050111,41
20050112,15
20050113,13
20050114,15
20050115,18
20050116,12
20050117,11
20050118,4
20050119,6
20050120,14
20050121,12
20050122,12
20050123,11
20050124,9
20050125,3
20050126,8
20050127,4
20050128,3
20050129,3
20050130,5
20050131,4
20050201,10
20050202,13
20050203,4
20050204,3
20050205,10
20050206,4
20050207,9
20050208,17
20050209,8
20050210,10
20050211,4
20050212,6
20050213,6
20050214,7
20050215,18
20050216,8
20050217,12
20050218,16
20050219,19
20050220,14
20050221,7
20050222,10
20050223,3
20050224,6
20050225,13
20050226,14
20050227,20
20050228,15
20050301,24
20050302,18
20050303,14
20050304,21
20050305,27
20050306,11
20050307,9
20050308,23
20050309,13
20050310,9
20050311,17
20050312,20
20050313,12
20050314,7
20050315,21
20050316,2
20050317,13
20050318,5
20050319,16
20050320,14
20050321,3
20050322,7
20050323,11
20050324,11
20050325,10
20050326,24
20050327,7
20050328,9
20050329,103
20050330,75
20050331,49
20050401,51
20050402,35
20050403,27
20050404,27
20050405,29
20050406,21
20050407,13
20050408,25
20050409,30
20050410,13
20050411,15
20050412,16
20050413,10
20050414,15
20050415,20
20050416,11
20050417,9
20050418,9
20050419,6
20050420,10
20050421,16
20050422,13
20050423,12
20050424,11
20050425,23
20050426,20
20050427,18
20050428,19
20050429,21
20050430,6
20050501,5
20050502,11
20050503,15
20050504,8
20050505,19
20050506,9
20050507,16
20050508,7
20050509,11
20050510,14
20050511,7
20050512,20
20050513,13
20050514,11
20050515,17
20050516,20
20050517,22
20050518,10
20050519,4
20050520,7
20050521,14
20050522,6
20050523,5
20050524,7
20050525,16
20050526,10
20050527,6
20050528,10
20050529,11
20050530,18
20050531,18
20050601,20
20050602,15
20050603,19
20050604,11
20050605,10
20050606,19
20050607,23
20050608,19
20050609,19
20050610,17
20050611,14
20050612,13
20050613,23
20050614,56
20050615,30
20050616,27
20050617,19
20050618,17
20050619,14
20050620,19
20050621,25
20050622,11
20050623,18
20050624,19
20050625,13
20050626,25
20050627,8
20050628,17
20050629,20
20050630,14
20050701,34
20050702,29
20050703,22
20050704,23
20050705,22
20050706,13
20050707,12
20050708,14
20050709,14
20050710,26
20050711,10
20050712,17
20050713,13
20050714,19
20050715,10
20050716,9
20050717,12
20050718,12
20050719,38
20050720,20
20050721,26
20050722,15
20050723,17
20050724,14
20050725,15
20050726,15
20050727,8
20050728,9
20050729,14
20050730,10
20050731,11
20050801,20
20050802,19
20050803,23
20050804,17
20050805,31
20050806,13
20050807,19
20050808,14
20050809,19
20050810,19
20050811,11
20050812,9
20050813,6
20050814,8
20050815,12
20050816,4
20050817,13
20050818,9
20050819,9
20050820,16
20050821,15
20050822,9
20050823,11
20050824,11
20050825,4
20050826,17
20050827,8
20050828,8
20050829,18
20050830,18
20050831,11
20050901,6
20050902,10
20050903,14
20050904,8
20050905,11
20050906,4
20050907,25
20050908,22
20050909,11
20050910,5
20050911,16
20050912,10
20050913,12
20050914,15
20050915,11
20050916,11
20050917,26
20050918,9
20050919,12
20050920,22
20050921,14
20050922,16
20050923,18
20050924,17
20050925,6
20050926,7
20050927,9
20050928,14
20050929,10
20050930,12
20051001,7
20051002,13
20051003,9
20051004,16
20051005,6
20051006,6
20051007,13
20051008,14
20051009,12
20051010,10
20051011,27
20051012,26
20051013,17
20051014,10
20051015,16
20051016,11
20051017,5
20051018,24
20051019,27
20051020,9
20051021,11
20051022,21
20051023,20
20051024,8
20051025,12
20051026,15
20051027,11
20051028,21
20051029,15
20051030,19
20051031,10
20051101,10
20051102,7
20051103,6
20051104,12
20051105,16
20051106,9
20051107,8
20051108,12
20051109,30
20051110,15
20051111,13
20051112,12
20051113,15
20051114,37
20051115,16
20051116,13
20051117,12
20051118,17
20051119,13
20051120,8
20051121,11
20051122,14
20051123,20
20051124,15
20051125,18
20051126,13
20051127,16
20051128,34
20051129,15
20051130,19
20051201,22
20051202,25
20051203,17
20051204,12
20051205,9
20051206,13
20051207,12
20051208,8
20051209,24
20051210,11
20051211,10
20051212,16
20051213,13
20051214,14
20051215,13
20051216,17
20051217,17
20051218,10
20051219,10
20051220,21
20051221,15
20051222,20
20051223,7
20051224,22
20051225,18
20051226,16
20051227,36
20051228,43
20051229,37
20051230,42
20051231,39
20060101,25
20060102,12
20060103,42
20060104,64
20060105,61
20060106,52
20060107,54
20060108,44
20060109,50
20060110,65
20060111,26
20060112,43
20060113,49
20060114,26
20060115,29
20060116,56
20060117,82
20060118,44
20060119,67
20060120,84
20060121,83
20060122,35
20060123,49
20060124,37
20060125,28
20060126,49
20060127,54
20060128,107
20060129,57
20060130,33
20060131,79
20060201,60
20060202,92
20060203,60
20060204,58
20060205,37
20060206,81
20060207,72
20060208,54
20060209,43
20060210,62
20060211,55
20060212,59
20060213,38
20060214,77
20060215,67
20060216,67
20060217,75
20060218,61
20060219,42
20060220,40
20060221,61
20060222,80
20060223,49
20060224,59
20060225,40
20060226,44
20060227,92
20060228,66
20060301,63
20060302,66
20060303,68
20060304,41
20060305,42
20060306,71
20060307,95
20060308,54
20060309,59
20060310,86
20060311,74
20060312,38
20060313,37
20060314,65
20060315,83
20060316,60
20060317,87
20060318,68
20060319,61
20060320,36
20060321,49
20060322,57
20060323,60
20060324,96
20060325,123
20060326,47
20060327,59
20060328,79
20060329,66
20060330,74
20060331,72
20060401,34
20060402,28
20060403,41
20060404,71
20060405,78
20060406,73
20060407,100
20060408,44
20060409,38
20060410,39
20060411,69
20060412,85
20060413,50
20060414,101
20060415,230
20060416,156
20060417,168
20060418,230
20060419,255
20060420,221
20060421,232
20060422,282
20060423,230
20060424,286
20060425,256
20060426,248
20060427,281
20060428,237
20060429,247
20060430,191
20060501,219
20060502,332
20060503,413
20060504,393
20060505,218
20060506,356
20060507,298
20060508,385
20060509,512
20060510,604
20060511,752
20060512,615
20060513,613
20060514,506
20060515,338
20060516,481
20060517,530
20060518,451
20060519,424
20060520,567
20060521,462
20060522,433
20060523,416
20060524,340
20060525,430
20060526,306
20060527,358
20060528,328
20060529,372
20060530,469
20060531,445
20060601,408
20060602,530
20060603,474
20060604,461
20060605,358
20060606,422
20060607,491
20060608,564
20060609,557
20060610,350
20060611,299
20060612,430
20060613,483
20060614,428
20060615,402
20060616,395
20060617,360
20060618,391
20060619,444
20060620,543
20060621,558
20060622,547
20060623,567
20060624,461
20060625,376
20060626,532
20060627,639
20060628,702
20060629,546
20060630,565
20060701,408
20060702,357
20060703,460
20060704,394
20060705,490
20060706,540
20060707,552
20060708,417
20060709,457
20060710,529
20060711,695
20060712,581
20060713,734
20060714,631
20060715,458
20060716,337
20060717,482
20060718,631
20060719,651
20060720,752
20060721,703
20060722,559
20060723,433
20060724,560
20060725,644
20060726,517
20060727,564
20060728,749
20060729,419
20060730,398
20060731,614
20060801,741
20060802,699
20060803,834
20060804,688
20060805,575
20060806,496
20060807,619
20060808,658
20060809,708
20060810,744
20060811,741
20060812,600
20060813,367
20060814,505
20060815,736
20060816,768
20060817,639
20060818,699
20060819,559
20060820,543
20060821,670
20060822,751
20060823,860
20060824,829
20060825,929
20060826,606
20060827,557
20060828,767
20060829,888
20060830,893
20060831,782
20060901,586
20060902,690
20060903,567
20060904,526
20060905,605
20060906,853
20060907,644
20060908,760
20060909,741
20060910,703
20060911,640
20060912,1037
20060913,1232
20060914,1027
20060915,1631
20060916,686
20060917,688
20060918,1657
20060919,637
20060920,867
20060921,743
20060922,1274
20060923,1164
20060924,702
20060925,1227
20060926,734
20060927,1376
20060928,1181
20060929,1070
20060930,1052
20061001,677
20061002,809
20061003,882
20061004,1006
20061005,1620
20061006,1426
20061007,1584
20061008,1497
20061009,1461
20061010,1563
20061011,1148
20061012,1496
20061013,1644
20061014,1314
20061015,1066
20061016,1383
20061017,1624
20061018,1895
20061019,1469
20061020,2077
20061021,2030
20061022,1389
20061023,1934
20061024,1948
20061025,1823
20061026,1591
20061027,1879
20061028,2285
20061029,1850
20061030,1680
20061031,1460
20061101,1591
20061102,1813
20061103,1945
20061104,2103
20061105,1770
20061106,2139
20061107,2169
20061108,2129
20061109,2416
20061110,1983
20061111,2083
20061112,1763
20061113,2182
20061114,2231
20061115,1760
20061116,2034
20061117,2296
20061118,2104
20061119,1710
20061120,1775
20061121,2126
20061122,2289
20061123,2074
20061124,1741
20061125,1701
20061126,1958
20061127,2171
20061128,2162
20061129,2231
20061130,2084
20061201,2232
20061202,2329
20061203,2021
20061204,2190
20061205,2438
20061206,2420
20061207,2266
20061208,2870
20061209,3131
20061210,2886
20061211,3303
20061212,3636
20061213,3135
20061214,2955
20061215,3169
20061216,2657
20061217,2200
20061218,2148
20061219,3017
20061220,3075
20061221,3124
20061222,3210
20061223,2860
20061224,2018
20061225,1542
20061226,2293
20061227,2310
20061228,2502
20061229,3028
20061230,2583
20061231,1817
20070101,2163
20070102,3027
20070103,3674
20070104,3302
20070105,3234
20070106,3359
20070107,3043
20070108,3296
20070109,3538
20070110,3804
20070111,3748
20070112,3211
20070113,3758
20070114,4174
20070115,3265
20070116,3256
20070117,3591
20070118,3635
20070119,3757
20070120,3095
20070121,3185
20070122,3145
20070123,3213
20070124,3152
20070125,2875
20070126,2838
20070127,3244
20070128,2695
20070129,2773
20070130,3566
20070131,3194
20070201,3105
20070202,3304
20070203,3134
20070204,2803
20070205,2508
20070206,2862
20070207,2854
20070208,2763
20070209,2689
20070210,2567
20070211,2194
20070212,2769
20070213,3142
20070214,2895
20070215,2888
20070216,2592
20070217,2284
20070218,2313
20070219,2448
20070220,2452
20070221,2976
20070222,2700
20070223,2563
20070224,2595
20070225,2150
20070226,2746
20070227,2714
20070228,2959
20070301,3404
20070302,3347
20070303,2978
20070304,2285
20070305,2167
20070306,3108
20070307,3881
20070308,3043
20070309,3286
20070310,3103
20070311,2351
20070312,2825
20070313,3265
20070314,3039
20070315,2795
20070316,2558
20070317,2589
20070318,2184
20070319,2427
20070320,2922
20070321,2858
20070322,3040
20070323,2800
20070324,2518
20070325,2106
20070326,2564
20070327,2840
20070328,2660
20070329,2618
20070330,2371
20070331,2082
20070401,1832
20070402,2894
20070403,3102
20070404,3111
20070405,3211
20070406,3261
20070407,2656
20070408,2281
20070409,2861
20070410,3041
20070411,3085
20070412,3005
20070413,3537
20070414,2992
20070415,2327
20070416,2943
20070417,3408
20070418,3140
20070419,2849
20070420,2995
20070421,2733
20070422,2439
20070423,2793
20070424,3445
20070425,3504
20070426,3064
20070427,2878
20070428,2876
20070429,2204
20070430,2898
20070501,3722
20070502,3130
20070503,2688
20070504,3021
20070505,2694
20070506,2689
20070507,2780
20070508,3029
20070509,2864
20070510,2997
20070511,2941
20070512,2674
20070513,2349
20070514,2544
20070515,2758
20070516,2850
20070517,4609
20070518,3686
20070519,3159
20070520,2614
20070521,3217
20070522,3029
20070523,3921
20070524,2932
20070525,3303
20070526,2544
20070527,2036
20070528,1993
20070529,2316
20070530,3039
20070531,3054
20070601,2890
20070602,2327
20070603,2562
20070604,3193
20070605,3586
20070606,3712
20070607,3255
20070608,2975
20070609,2354
20070610,2113
20070611,2710
20070612,3297
20070613,3393
20070614,3420
20070615,3144
20070616,2865
20070617,2278
20070618,3350
20070619,3843
20070620,4165
20070621,4516
20070622,4873
20070623,4513
20070624,3595
20070625,4551
20070626,7475
20070627,5785
20070628,6457
20070629,6647
20070630,5665
20070701,6741
20070702,7352
20070703,5974
20070704,4515
20070705,6148
20070706,6261
20070707,4909
20070708,3712
20070709,5377
20070710,6625
20070711,14673
20070712,12333
20070713,8459
20070714,8078
20070715,5746
20070716,7728
20070717,8310
20070718,7940
20070719,9385
20070720,8769
20070721,5640
20070722,5281
20070723,7279
20070724,8430
20070725,6900
20070726,7352
20070727,8014
20070728,6179
20070729,4791
20070730,7867
20070731,8167
20070801,8032
20070802,7719
20070803,8427
20070804,6970
20070805,5514
20070806,7882
20070807,8083
20070808,7405
20070809,7229
20070810,7016
20070811,5685
20070812,4968
20070813,7286
20070814,8049
20070815,7415
20070816,7610
20070817,8144
20070818,5428
20070819,5770
20070820,6056
20070821,9214
20070822,9062
20070823,10409
20070824,9419
20070825,7854
20070826,6067
20070827,8220
20070828,9352
20070829,8810
20070830,7807
20070831,8380
20070901,7190
20070902,6819
20070903,7601
20070904,6450
20070905,7286
20070906,9135
20070907,7830
20070908,6761
20070909,6133
20070910,7643
20070911,7466
20070912,8362
20070913,7739
20070914,7966
20070915,6951
20070916,6444
20070917,7405
20070918,7418
20070919,8081
20070920,11891
20070921,9571
20070922,9072
20070923,8750
20070924,7766
20070925,6708
20070926,6837
20070927,7464
20070928,7975
20070929,6515
20070930,5667
20071001,7198
20071002,9055
20071003,7674
20071004,7916
20071005,7404
20071006,6137
20071007,5568
20071008,6879
20071009,7977
20071010,9438
20071011,8635
20071012,7933
20071013,6242
20071014,6772
20071015,8404
20071016,8433
20071017,9138
20071018,8460
20071019,10484
20071020,7305
20071021,7250
20071022,7090
20071023,7716
20071024,8299
20071025,7630
20071026,7978
20071027,7973
20071028,5693
20071029,7375
20071030,8496
20071031,8129
20071101,8971
20071102,7599
20071103,7051
20071104,6393
20071105,7529
20071106,7407
20071107,6744
20071108,7897
20071109,7868
20071110,6500
20071111,5304
20071112,6922
20071113,9177
20071114,8703
20071115,7448
20071116,7338
20071117,6198
20071118,5957
20071119,7726
20071120,7384
20071121,7216
20071122,5548
20071123,5259
20071124,6008
20071125,6036
20071126,6825
20071127,7286
20071128,8227
20071129,7295
20071130,7157
20071201,6973
20071202,5753
20071203,6944
20071204,7040
20071205,7064
20071206,7302
20071207,7348
20071208,6032
20071209,5745
20071210,7688
20071211,7883
20071212,8066
20071213,8241
20071214,7572
20071215,7845
20071216,6362
20071217,7185
20071218,8064
20071219,9924
20071220,9007
20071221,8521
20071222,6103
20071223,5468
20071224,4845
20071225,3573
20071226,5898
20071227,7459
20071228,7015
20071229,7257
20071230,7641
20071231,5636
20080101,6749
20080102,7522
20080103,7490
20080104,7570
20080105,6819
20080106,5881
20080107,6392
20080108,7445
20080109,8223
20080110,8525
20080111,7565
20080112,6690
20080113,5635
20080114,7332
20080115,6614
20080116,8256
20080117,8082
20080118,8176
20080119,7060
20080120,6597
20080121,7040
20080122,8282
20080123,7473
20080124,8398
20080125,7417
20080126,6238
20080127,5541
20080128,7039
20080129,8146
20080130,7210
20080131,7375
20080201,6907
20080202,5965
20080203,6605
20080204,7345
20080205,8526
20080206,9036
20080207,8700
20080208,8259
20080209,6729
20080210,6750
20080211,8256
20080212,8259
20080213,7732
20080214,8141
20080215,8186
20080216,6851
20080217,6632
20080218,6754
20080219,8116
20080220,11098
20080221,12141
20080222,10439
20080223,11577
20080224,11862
20080225,8852
20080226,9577
20080227,9868
20080228,11748
20080229,11339
20080301,9111
20080302,8629
20080303,14000
20080304,17499
20080305,16928
20080306,14872
20080307,12816
20080308,14074
20080309,16315
20080310,46872
20080311,67259
20080312,37008
20080313,18481
20080314,16084
20080315,11930
20080316,10418
20080317,38948
20080318,48292
20080319,26278
20080320,81592
20080321,48716
20080322,23806
20080323,20217
20080324,21206
20080325,17976
20080326,17664
20080327,20695
20080328,20252
20080329,14506
20080330,9958
20080331,12252
20080401,14094
20080402,12836
20080403,14624
20080404,16021
20080405,15905
20080406,18292
20080407,17645
20080408,15038
20080409,15749
20080410,12920
20080411,15748
20080412,12973
20080413,11535
20080414,13349
20080415,15253
20080416,15364
20080417,14325
20080418,16092
20080419,12710
20080420,9739
20080421,12993
20080422,13606
20080423,15425
20080424,12796
20080425,9751
20080426,9391
20080427,11198
20080428,11725
20080429,9483
20080430,9774
20080501,10418
20080502,8508
20080503,6849
20080504,6689
20080505,8337
20080506,9876
20080507,10789
20080508,10772
20080509,9628
20080510,8376
20080511,6406
20080512,9888
20080513,14716
20080514,14788
20080515,12628
20080516,10523
20080517,9888
20080518,8497
20080519,8782
20080520,10419
20080521,13261
20080522,12250
20080523,11615
20080524,9903
20080525,7425
20080526,7954
20080527,9366
20080528,15249
20080529,12670
20080530,10569
20080531,9910
20080601,10078
20080602,10755
20080603,11463
20080604,10995
20080605,10467
20080606,10505
20080607,8791
20080608,7537
20080609,9874
20080610,14261
20080611,15005
20080612,13604
20080613,12449
20080614,9681
20080615,8970
20080616,13688
20080617,14594
20080618,13646
20080619,13694
20080620,14569
20080621,11777
20080622,10124
20080623,14458
20080624,14398
20080625,17778
20080626,21115
20080627,16265
20080628,12039
20080629,22642
20080630,25337
20080701,65631
20080702,42369
20080703,24878
20080704,14877
20080705,11486
20080706,12407
20080707,17939
20080708,18735
20080709,22598
20080710,19353
20080711,18031
20080712,14691
20080713,11703
20080714,25372
20080715,32080
20080716,31715
20080717,29850
20080718,24607
20080719,18178
20080720,13543
20080721,17341
20080722,26691
20080723,25492
20080724,27307
20080725,27743
20080726,26866
20080727,22226
20080728,33517
20080729,31742
20080730,38641
20080731,32640
20080801,33568
20080802,29391
20080803,27338
20080804,27457
20080805,30103
20080806,29746
20080807,32732
20080808,58777
20080809,84328
20080810,20745
20080811,33046
20080812,28499
20080813,33340
20080814,27532
20080815,28888
20080816,20856
20080817,20741
20080818,22263
20080819,24192
20080820,30805
20080821,30655
20080822,24405
20080823,18214
20080824,17313
20080825,17496
20080826,17967
20080827,15546
20080828,15313
20080829,17259
20080830,16013
20080831,12971
20080901,15010
20080902,13057
20080903,18032
20080904,14201
20080905,17135
20080906,15390
20080907,26484
20080908,26341
20080909,16735
20080910,15364
20080911,12443
20080912,12207
20080913,11964
20080914,9873
20080915,12894
20080916,14057
20080917,19066
20080918,13636
20080919,11831
20080920,10644
20080921,9171
20080922,11176
20080923,12819
20080924,14045
20080925,13109
20080926,13174
20080927,12781
20080928,10690
20080929,12111
20080930,12262
20081001,15498
20081002,14020
20081003,11388
20081004,9936
20081005,8441
20081006,11509
20081007,13856
20081008,16423
20081009,22263
20081010,15423
20081011,13994
20081012,12563
20081013,13425
20081014,15830
20081015,15282
20081016,13526
20081017,14516
20081018,11987
20081019,9522
20081020,12136
20081021,11930
20081022,12661
20081023,11155
20081024,10651
20081025,9120
20081026,9543
20081027,10839
20081028,15290
20081029,16052
20081030,18883
20081031,18289
20081101,12651
20081102,10689
20081103,13318
20081104,14033
20081105,13331
20081106,12757
20081107,11639
20081108,9990
20081109,8306
20081110,9495
20081111,14099
20081112,12964
20081113,12254
20081114,12462
20081115,11172
20081116,9357
20081117,12355
20081118,13911
20081119,11903
20081120,10130
20081121,10117
20081122,9591
20081123,8388
20081124,11202
20081125,12634
20081126,11966
20081127,8724
20081128,8038
20081129,8111
20081130,8614
20081201,11341
20081202,12472
20081203,12052
20081204,11624
20081205,10908
20081206,9069
20081207,7431
20081208,9530
20081209,9921
20081210,10252
20081211,11134
20081212,10843
20081213,7546
20081214,6187
20081215,12857
20081216,10422
20081217,14205
20081218,9953
20081219,9639
20081220,8784
20081221,6742
20081222,9407
20081223,9900
20081224,7260
20081225,5847
20081226,7902
20081227,6329
20081228,5173
20081229,7862
20081230,10827
20081231,9547
20090101,8157
20090102,6906
20090103,5759
20090104,6150
20090105,7978
20090106,9333
20090107,9511
20090108,13844
20090109,11892
20090110,9839
20090111,7449
20090112,10450
20090113,13050
20090114,12153
20090115,14350
20090116,12482
20090117,8885
20090118,10292
20090119,12055
20090120,14864
20090121,16297
20090122,18320
20090123,13482
20090124,12069
20090125,9541
20090126,14135
20090127,14974
20090128,15751
20090129,17595
20090130,14786
20090131,9832
20090201,8353
20090202,12569
20090203,13605
20090204,13493
20090205,13847
20090206,13458
20090207,9725
20090208,10177
20090209,12337
20090210,13691
20090211,14536
20090212,13905
20090213,18059
20090214,11877
20090215,9251
20090216,13131
20090217,14883
20090218,14579
20090219,21168
20090220,19207
20090221,15209
20090222,11442
20090223,15679
20090224,18597
20090225,19692
20090226,19729
20090227,18214
20090228,15990
20090301,12541
20090302,19791
20090303,20282
20090304,17099
20090305,20744
20090306,16360
20090307,10517
20090308,8116
20090309,11690
20090310,14112
20090311,14332
20090312,18667
20090313,13766
20090314,12943
20090315,8171
20090316,14159
20090317,13550
20090318,14757
20090319,14397
20090320,12398
20090321,8808
20090322,7500
20090323,12433
20090324,14814
20090325,17461
20090326,18027
20090327,15275
20090328,12539
20090329,9812
20090330,12272
20090331,14136
20090401,16447
20090402,17820
20090403,16757
20090404,11101
20090405,10008
20090406,16324
20090407,23459
20090408,19123
20090409,17593
20090410,17315
20090411,12253
20090412,11181
20090413,17959
20090414,17743
20090415,17105
20090416,17184
20090417,18050
20090418,10512
20090419,9402
20090420,12510
20090421,16009
20090422,16381
20090423,12340
20090424,15347
20090425,11409
20090426,9188
20090427,14722
20090428,18234
20090429,16406
20090430,14656
20090501,15151
20090502,10960
20090503,9492
20090504,14222
20090505,14397
20090506,14786
20090507,15230
20090508,13289
20090509,9976
20090510,9759
20090511,15375
20090512,14880
20090513,13024
20090514,13699
20090515,14544
20090516,9964
20090517,8049
20090518,11918
20090519,14843
20090520,13807
20090521,13092
20090522,11944
20090523,8283
20090524,7659
20090525,10117
20090526,10650
20090527,11439
20090528,15530
20090529,19167
20090530,13611
20090531,26321
20090601,29006
20090602,29826
20090603,26990
20090604,23128
20090605,17538
20090606,11911
20090607,9964
20090608,12372
20090609,14237
20090610,12535
20090611,13132
20090612,13313
20090613,9436
20090614,7511
20090615,10324
20090616,14772
20090617,14491
20090618,13694
20090619,15850
20090620,10156
20090621,8434
20090622,10678
20090623,14125
20090624,12173
20090625,23435
20090626,29842
20090627,33409
20090628,34634
20090629,46087
20090630,42690
20090701,42631
20090702,38809
20090703,38626
20090704,33239
20090705,31598
20090706,36386
20090707,32681
20090708,31865
20090709,34300
20090710,36609
20090711,45844
20090712,58930
20090713,55308
20090714,29017
20090715,26775
20090716,26847
20090717,35817
20090718,39137
20090719,34801
20090720,38904
20090721,40014
20090722,35355
20090723,36370
20090724,36753
20090725,30718
20090726,22962
20090727,28726
20090728,28833
20090729,26182
20090730,26076
20090731,28368
20090801,19713
20090802,16921
20090803,17955
20090804,20527
20090805,20508
20090806,22353
20090807,25546
20090808,22859
20090809,24309
20090810,24445
20090811,22986
20090812,29639
20090813,28274
20090814,22998
20090815,24312
20090816,21305
20090817,23448
20090818,27196
20090819,31130
20090820,27674
20090821,25725
20090822,23459
20090823,18548
20090824,17063
20090825,21764
20090826,33232
20090827,32818
20090828,38201
20090829,34091
20090830,27845
20090831,30295
20090901,26460
20090902,24954
20090903,31432
20090904,31113
20090905,32973
20090906,32376
20090907,19191
20090908,32439
20090909,37573
20090910,35142
20090911,36247
20090912,36017
20090913,42254
20090914,44196
20090915,35210
20090916,30351
20090917,26586
20090918,32808
20090919,28388
20090920,28143
20090921,26516
20090922,24951
20090923,25616
20090924,31065
20090925,30594
20090926,32961
20090927,32476
20090928,29875
20090929,20360
20090930,21400
20091001,18585
20091002,16688
20091003,19400
20091004,16637
20091005,20578
20091006,18983
20091007,19717
20091008,16861
20091009,20326
20091010,18583
20091011,11995
20091012,17128
20091013,18661
20091014,18379
20091015,17336
20091016,19341
20091017,15395
20091018,15751
20091019,12962
20091020,15370
20091021,11061
20091022,12788
20091023,11706
20091024,11979
20091025,9578
20091026,10153
20091027,12881
20091028,11718
20091029,12014
20091030,11790
20091031,9326
20091101,9659
20091102,12986
20091103,15190
20091104,12493
20091105,14557
20091106,11975
20091107,12146
20091108,8034
20091109,9736
20091110,12031
20091111,11099
20091112,11254
20091113,11567
20091114,8974
20091115,6946
20091116,8293
20091117,9486
20091118,9775
20091119,10379
20091120,10039
20091121,7139
20091122,5247
20091123,8053
20091124,8117
20091125,7630
20091126,6953
20091127,6370
20091128,5436
20091129,5829
20091130,6798
20091201,9112
20091202,8443
20091203,7396
20091204,8203
20091205,9877
20091206,5498
20091207,8011
20091208,8751
20091209,7808
20091210,7704
20091211,8333
20091212,6418
20091213,13110
20091214,8213
20091215,6961
20091216,7671
20091217,8441
20091218,9183
20091219,6371
20091220,5645
20091221,6959
20091222,8537
20091223,8183
20091224,6697
20091225,5047
20091226,4555
20091227,4323
20091228,6615
20091229,7683
20091230,7989
20091231,9555
20100101,8548
20100102,6317
20100103,5644
20100104,6536
20100105,7935
20100106,10375
20100107,10302
20100108,9663
20100109,7424
20100110,5635
20100111,7335
20100112,8386
20100113,8279
20100114,7931
20100115,9720
20100116,6689
20100117,6191
20100118,6304
20100119,8868
20100120,8364
20100121,10559
20100122,9894
20100123,9874
20100124,7122
20100125,8688
20100126,14222
20100127,9276
20100128,9193
20100129,10239
20100130,8318
20100131,7393
20100201,7859
20100202,9999
20100203,10244
20100204,12461
20100205,9554
20100206,8098
20100207,6415
20100208,8850
20100209,13386
20100210,8753
20100211,9405
20100212,13437
20100213,9984
20100214,6822
20100215,6997
20100216,8711
20100217,11004
20100218,11525
20100219,10719
20100220,9328
20100221,6798
20100222,8144
20100223,9968
20100224,9745
20100225,11880
20100226,10174
20100227,7388
20100228,6199
20100301,19126
20100302,11282
20100303,9838
20100304,8488
20100305,10052
20100306,8201
20100307,6397
20100308,10762
20100309,11404
20100310,10681
20100311,11276
20100312,10844
20100313,8832
20100314,5857
20100315,7975
20100316,9225
20100317,9994
20100318,9451
20100319,10088
20100320,7237
20100321,6165
20100322,7687
20100323,10486
20100324,9799
20100325,10742
20100326,11108
20100327,9044
20100328,6962
20100329,9762
20100330,15166
20100331,13138
20100401,15294
20100402,17192
20100403,16681
20100404,13602
20100405,18766
20100406,19583
20100407,13183
20100408,12791
20100409,12448
20100410,9397
20100411,7975
20100412,7863
20100413,11463
20100414,10432
20100415,10450
20100416,10205
20100417,8778
20100418,9462
20100419,9908
20100420,13375
20100421,11689
20100422,11065
20100423,12971
20100424,11472
20100425,10481
20100426,16900
20100427,14201
20100428,15615
20100429,13795
20100430,12523
20100501,9442
20100502,7346
20100503,9400
20100504,10696
20100505,13080
20100506,12090
20100507,11724
20100508,9673
20100509,6017
20100510,8786
20100511,26729
20100512,10134
20100513,10497
20100514,8851
20100515,8223
20100516,7583
20100517,9890
20100518,10467
20100519,10859
20100520,9346
20100521,10229
20100522,7549
20100523,6756
20100524,8881
20100525,11433
20100526,27263
20100527,10459
20100528,9729
20100529,7456
20100530,7276
20100531,7261
20100601,8971
20100602,18630
20100603,10353
20100604,12592
20100605,11256
20100606,12541
20100607,13771
20100608,13270
20100609,13885
20100610,14760
20100611,15744
20100612,15918
20100613,8598
20100614,17876
20100615,19995
20100616,20612
20100617,19381
20100618,15039
20100619,9889
20100620,7061
20100621,9935
20100622,11670
20100623,12044
20100624,11668
20100625,12199
20100626,8992
20100627,7329
20100628,11775
20100629,11477
20100630,27519
20100701,12578
20100702,12288
20100703,8070
20100704,6415
20100705,7630
20100706,9362
20100707,10500
20100708,10882
20100709,9371
20100710,6953
20100711,6519
20100712,7634
20100713,8509
20100714,8266
20100715,8760
20100716,9039
20100717,6569
20100718,4981
20100719,6866
20100720,9986
20100721,10641
20100722,10652
20100723,10675
20100724,8982
20100725,7242
20100726,8380
20100727,10464
20100728,10582
20100729,19759
20100730,10240
20100731,6963
20100801,6652
20100802,7678
20100803,9144
20100804,11036
20100805,22926
20100806,8731
20100807,6587
20100808,5926
20100809,8650
20100810,10643
20100811,9696
20100812,29508
20100813,9799
20100814,6855
20100815,6498
20100816,8418
20100817,13793
20100818,14672
20100819,12244
20100820,11744
20100821,8082
20100822,8517
20100823,9071
20100824,18717
20100825,10723
20100826,13082
20100827,14411
20100828,9640
20100829,7679
20100830,9891
20100831,11167
20100901,12013
20100902,23832
20100903,11187
20100904,9154
20100905,7281
20100906,6730
20100907,8323
20100908,11226
20100909,11236
20100910,11063
20100911,9435
20100912,12942
20100913,14176
20100914,10560
20100915,14763
20100916,16145
20100917,26920
20100918,10045
20100919,7685
20100920,8215
20100921,10433
20100922,12309
20100923,11129
20100924,10917
20100925,7327
20100926,6769
20100927,7718
20100928,10084
20100929,13745
20100930,28338
20101001,11891
20101002,7932
20101003,6369
20101004,12959
20101005,25823
20101006,14716
20101007,13126
20101008,13870
20101009,13619
20101010,10684
20101011,14258
20101012,14148
20101013,13815
20101014,13365
20101015,11655
20101016,9833
20101017,8547
20101018,10724
20101019,11768
20101020,11246
20101021,31070
20101022,10236
20101023,9242
20101024,9076
20101025,9276
20101026,11141
20101027,11115
20101028,29579
20101029,9423
20101030,7381
20101031,6714
20101101,9632
20101102,10143
20101103,10850
20101104,12101
20101105,10399
20101106,8586
20101107,8736
20101108,8529
20101109,11210
20101110,9665
20101111,10123
20101112,9291
20101113,8350
20101114,7130
20101115,7508
20101116,9315
20101117,9058
20101118,9763
20101119,9566
20101120,7782
20101121,6547
20101122,10425
20101123,8473
20101124,9129
20101125,6879
20101126,7147
20101127,6900
20101128,6463
20101129,7460
20101130,8899
20101201,9376
20101202,41229
20101203,9788
20101204,8047
20101205,6407
20101206,6483
20101207,7986
20101208,8151
20101209,8656
20101210,9007
20101211,9155
20101212,12755
20101213,8685
20101214,9025
20101215,8577
20101216,9045
20101217,10862
20101218,8015
20101219,6702
20101220,8488
20101221,10632
20101222,10604
20101223,10594
20101224,7606
20101225,6027
20101226,7938
20101227,9271
20101228,10191
20101229,11746
20101230,11045
20101231,9823
20110101,7821
20110102,8008
20110103,9265
20110104,10467
20110105,10735
20110106,12926
20110107,16973
20110108,14244
20110109,13340
20110110,10486
20110111,13030
20110112,13763
20110113,13462
20110114,13439
20110115,13761
20110116,14297
20110117,13422
20110118,13925
20110119,12587
20110120,29792
20110121,14159
20110122,10695
20110123,8891
20110124,8957
20110125,10974
20110126,10311
20110127,12424
20110128,11710
20110129,9064
20110130,8038
20110131,7518
20110201,10418
20110202,11797
20110203,11539
20110204,10212
20110205,8513
20110206,7301
20110207,9133
20110208,10671
20110209,11271
20110210,11004
20110211,16523
20110212,10112
20110213,9556
20110214,9717
20110215,10754
20110216,11502
20110217,13245
20110218,11307
20110219,8505
20110220,8384
20110221,8876
20110222,9400
20110223,11457
20110224,11749
20110225,9957
20110226,10262
20110227,7734
20110228,9458
20110301,10360
20110302,17544
20110303,18508
20110304,13615
20110305,11251
20110306,9106
20110307,9943
20110308,15123
20110309,16131
20110310,13232
20110311,14802
20110312,13384
20110313,10453
20110314,13128
20110315,13016
20110316,16858
20110317,14315
20110318,13026
20110319,13681
20110320,13862
20110321,8970
20110322,10273
20110323,10118
20110324,90000
20110325,10711
20110326,7101
20110327,7596
20110328,10246
20110329,19312
20110330,19392
20110331,28620
20110401,14519
20110402,10370
20110403,12317
20110404,13862
20110405,10502
20110406,8488
20110407,9402
20110408,8903
20110409,6964
20110410,6022
20110411,6295
20110412,10063
20110413,8757
20110414,9090
20110415,9183
20110416,7489
20110417,7464
20110418,9583
20110419,11061
20110420,8914
20110421,30874
20110422,9693
20110423,8924
20110424,7505
20110425,8773
20110426,9545
20110427,9105
20110428,10874
20110429,8369
20110430,6818
20110501,6465
20110502,6442
20110503,7728
20110504,9314
20110505,8701
20110506,8357
20110507,5933
20110508,5660
20110509,7216
20110510,7448
20110511,7906
20110512,7812
20110513,8458
20110514,8345
20110515,5847
20110516,7310
20110517,7635
20110518,6913
20110519,46190
20110520,8034
20110521,6391
20110522,7512
20110523,8992
20110524,10081
20110525,8168
20110526,8678
20110527,8946
20110528,7169
20110529,6092
20110530,6405
20110531,9681
20110601,9415
20110602,12202
20110603,14087
20110604,8103
20110605,9122
20110606,16728
20110607,19081
20110608,18436
20110609,14217
20110610,10513
20110611,7478
20110612,5907
20110613,7722
20110614,8669
20110615,8094
20110616,9496
20110617,7978
20110618,8044
20110619,5885
20110620,8796
20110621,9765
20110622,8771
20110623,9823
20110624,10260
20110625,7741
20110626,6035
20110627,8038
20110628,8867
20110629,22783
20110630,9491
20110701,8104
20110702,7157
20110703,6526
20110704,6469
20110705,9992
20110706,11383
20110707,56075
20110708,20436
20110709,19304
20110710,16574
20110711,18859
20110712,19611
20110713,15853
20110714,16045
20110715,14125
20110716,13153
20110717,15555
20110718,9501
20110719,11253
20110720,13313
20110721,14655
20110722,11793
20110723,8466
20110724,6746
20110725,8734
20110726,10985
20110727,10967
20110728,11376
20110729,9908
20110730,6970
20110731,6331
20110801,8871
20110802,10638
20110803,12075
20110804,10319
20110805,10091
20110806,7048
20110807,6065
20110808,8324
20110809,11114
20110810,10743
20110811,10888
20110812,11619
20110813,10177
20110814,11448
20110815,15917
20110816,17817
20110817,16915
20110818,16519
20110819,15710
20110820,10432
20110821,9656
20110822,11160
20110823,12972
20110824,11990
20110825,11865
20110826,10668
20110827,7188
20110828,7499
20110829,10901
20110830,10010
20110831,9066
20110901,8348
20110902,8554
20110903,6583
20110904,5523
20110905,6872
20110906,7133
20110907,7370
20110908,7544
20110909,7638
20110910,5458
20110911,4712
20110912,5866
20110913,6686
20110914,12390
20110915,9830
20110916,8366
20110917,6624
20110918,5269
20110919,6481
20110920,7557
20110921,7152
20110922,6767
20110923,8429
20110924,6322
20110925,4426
20110926,8281
20110927,8268
20110928,7941
20110929,9053
20110930,7726
20111001,5899
20111002,5186
20111003,9391
20111004,8635
20111005,7419
20111006,8375
20111007,8222
20111008,7795
20111009,6725
20111010,5952
20111011,6736
20111012,7327
20111013,6536
20111014,9648
20111015,9562
20111016,9576
20111017,12309
20111018,9738
20111019,8597
20111020,8562
20111021,7824
20111022,7817
20111023,6441
20111024,9662
20111025,8745
20111026,8765
20111027,10710
20111028,12395
20111029,9285
20111030,5075
20111031,6094
20111101,6409
20111102,7634
20111103,7291
20111104,6931
20111105,5580
20111106,5518
20111107,5893
20111108,7241
20111109,7643
20111110,7781
20111111,6244
20111112,4962
20111113,4989
20111114,5976
20111115,5916
20111116,6569
20111117,6660
20111118,6626
20111119,6420
20111120,4813
20111121,4501
20111122,5222
20111123,5623
20111124,3797
20111125,4698
20111126,4300
20111127,4080
20111128,5735
20111129,4891
20111130,5000
20111201,5383
20111202,4709
20111203,4564
20111204,4223
20111205,4403
20111206,5420
20111207,5339
20111208,9636
20111209,9740
20111210,11271
20111211,9341
20111212,6543
20111213,7672
20111214,9257
20111215,10553
20111216,7036
20111217,5145
20111218,4289
20111219,4877
20111220,6730
20111221,8531
20111222,11845
20111223,9095
20111224,6476
20111225,6451
20111226,10007
20111227,16219
20111228,16960
20111229,23855
20111230,18366
20111231,16424
20120101,15654
20120102,14730
20120103,8410
20120104,8758
20120105,7941
20120106,7600
20120107,6735
20120108,4824
20120109,7083
20120110,6210
20120111,7038
20120112,9210
20120113,6152
20120114,4443
20120115,3890
20120116,4829
20120117,5665
20120118,6464
20120119,7920
20120120,8554
20120121,6706
20120122,6576
20120123,8386
20120124,10045
20120125,6407
20120126,7747
20120127,5947
20120128,4953
20120129,3990
20120130,5852
20120131,7553
20120201,7415
20120202,6878
20120203,5862
20120204,4432
20120205,3837
20120206,5066
20120207,6388
20120208,6597
20120209,5732
20120210,5117
20120211,3926
20120212,4881
20120213,5686
20120214,5606
20120215,6523
20120216,6073
20120217,5599
20120218,4178
20120219,3352
20120220,3958
20120221,6277
20120222,9589
20120223,10349
20120224,9012
20120225,6835
20120226,4570
20120227,5252
20120228,3418
20120229,4249
20120301,8461
20120302,7261
20120303,5717
20120304,4951
20120305,7384
20120306,6053
20120307,5783
20120308,7552
20120309,9612
20120310,7487
20120311,6583
20120312,10131
20120313,8846
20120314,9667
20120315,10501
20120316,11496
20120317,7011
20120318,7238
20120319,8445
20120320,9043
20120321,10536
20120322,8682
20120323,7985
20120324,5729
20120325,3953
20120326,5050
20120327,9054
20120328,9365
20120329,6061
20120330,6787
20120331,6292
20120401,6205
20120402,5698
20120403,8216
20120404,6889
20120405,5151
20120406,4911
20120407,3302
20120408,3012
20120409,4192
20120410,6432
20120411,5895
20120412,6386
20120413,5437
20120414,3196
20120415,2692
20120416,3351
20120417,5532
20120418,5661
20120419,5218
20120420,4342
20120421,3526
20120422,3250
20120423,6306
20120424,8194
20120425,8824
20120426,9227
20120427,6313
20120428,4660
20120429,5005
20120430,6887
20120501,8389
20120502,6618
20120503,5950
20120504,6174
20120505,4707
20120506,2648
20120507,5571
20120508,5049
20120509,6079
20120510,5546
20120511,4225
20120512,3328
20120513,3346
20120514,6353
20120515,6091
20120516,6429
20120517,6089
20120518,5955
20120519,4350
20120520,3423
20120521,4663
20120522,6096
20120523,6518
20120524,5503
20120525,4979
20120526,3782
20120527,3030
20120528,3473
20120529,4440
20120530,5399
20120531,5135
20120601,7330
20120602,4392
20120603,5061
20120604,10813
20120605,13333
20120606,11669
20120607,8718
20120608,6660
20120609,3660
20120610,2659
20120611,4398
20120612,6129
20120613,5302
20120614,5309
20120615,4905
20120616,3413
20120617,1578
20120618,4120
20120619,6763
20120620,6816
20120621,8327
20120622,7113
20120623,6697
20120624,8512
20120625,11775
20120626,14309
20120627,15804
20120628,12786
20120629,13810
20120630,21416
20120701,20047
20120702,30657
20120703,28123
20120704,23469
20120705,22740
20120706,28023
20120707,24040
20120708,16701
20120709,22853
20120710,23854
20120711,9585
20120712,7421
20120713,10956
20120714,10923
20120715,15181
20120716,22735
20120717,31687
20120718,16733
20120719,11267
20120720,17160
20120721,29190
20120722,33423
20120723,7057
20120724,22601
20120725,9407
20120726,8183
20120727,3597
20120728,2233
20120729,2269
20120730,4192
20120731,4960
20120801,8380
20120802,8497
20120803,9051
20120804,5590
20120805,4583
20120806,6466
20120807,4854
20120808,5019
20120809,4440
20120810,4265
20120811,2557
20120812,2421
20120813,5361
20120814,8718
20120815,9543
20120816,10705
20120817,11735
20120818,5353
20120819,4413
20120820,5887
20120821,6395
20120822,6891
20120823,6654
20120824,5951
20120825,5597
20120826,3983
20120827,3956
20120828,5067
20120829,5989
20120830,8214
20120831,8245
20120901,6753
20120902,5340
20120903,5762
20120904,6869
20120905,7750
20120906,10148
20120907,8948
20120908,6816
20120909,7369
20120910,7427
20120911,5597
20120912,8102
20120913,8032
20120914,5940
20120915,3971
20120916,3679
20120917,4628
20120918,4906
20120919,4388
20120920,6467
20120921,5096
20120922,3854
20120923,3373
20120924,4383
20120925,4474
20120926,5458
20120927,6562
20120928,4434
20120929,3533
20120930,3403
20121001,4483
20121002,5253
20121003,4359
20121004,6245
20121005,4328
20121006,2985
20121007,2310
20121008,3271
20121009,2782
20121010,3087
20121011,3004
20121012,2588
20121013,2608
20121014,2072
20121015,2398
20121016,3008
20121017,3091
20121018,2980
20121019,3007
20121020,1987
20121021,1714
20121022,2175
20121023,2066
